{
  "model_name": "Linear Regression",
  "mae": 4073.3363894816407,
  "rmse": 5127.414729399444,
  "r2_score": 0.978368338181496,
  "training_time": 0.004904,
  "timestamp": "2025-12-26T16:19:20.244481",
  "coefficients": {
    "revenue": 0.9949715903850753,
    "expenses": -1.0000189532643509,
    "marketing_spend": -0.99100950394029,
    "operational_costs": -1.0225931206559211
  },
  "intercept": 558.55673903979
}